x,true,prediction
0,2,1.74092
0.526316,3.57895,3.2549
1.05263,5.15789,4.77755
1.57895,6.73684,6.30889
2.10526,8.31579,7.8489
2.63158,9.89474,9.39759
3.15789,11.4737,10.955
3.68421,13.0526,12.521
4.21053,14.6316,14.0957
4.73684,16.2105,15.6791
5.26316,17.7895,17.2712
5.78947,19.3684,18.872
6.31579,20.9474,20.4814
6.84211,22.5263,22.0995
7.36842,24.1053,23.7263
7.89474,25.6842,25.3618
8.42105,27.2632,27.006
8.94737,28.8421,28.6588
9.47368,30.4211,30.3203
10,32,31.9905
