Index,Weight
0,1.74092
1,2.86831
2,0.0156646
