Index,Weight
0,5.69947
1,0.0607026
2,-0.174784
3,-0.0580545
4,0.0324122
5,-0.0640995
6,0.052468
7,-0.145809
8,-0.0736456
9,-0.0725839
10,0.260086
11,0.27333
12,-0.0366447
13,-0.00380913
14,0.0479719
15,-0.0054247
16,-0.00294386
17,-0.0116368
18,0.019309
19,0.0255758
20,-0.017858
21,-0.0404365
22,-0.0141048
