Index,Weight
0,16.6623
1,9.89873
2,-22.6113
3,7.84886
4,5.70538
5,-12.2304
