Index,Weight
0,-2.19004
1,7.20357
2,8.69668
3,4.76405
4,11.3224
5,5.33244
