Index,Weight
0,13.5644
1,-12.2233
2,-3.56679
3,2.09578
4,10.5851
5,17.7358
