Index,Weight
0,4.09977
1,1.45023
2,0.669866
3,1.30559
4,1.08098
5,1.20269
