Index,Weight
0,6.89856
1,-2.35997
2,0.85702
3,1.39711
4,-1.20538
5,-0.123283
