Class,Prior,mu_0
0,0.55,2.79965
1,0.45,7.25374
