x,target,prediction,variance
1,3,3,0.00161818
2,5,5,0.00127879
3,7,7,0.00118333
4,9,9,0.00119545
5,11,11,0.00122424
6,13,13,0.00122424
7,15,15,0.00119545
8,17,17,0.00118333
9,19,19,0.00127879
10,21,21,0.00161818
