Feature,Mean,Variance,StdDev
0,446,66156.7,257.209
1,0.383838,0.236506,0.486319
2,2.30864,0.698231,0.835602
3,0,0,0
4,0,0,0
5,0,0,0
6,23.7993,309.274,17.5862
7,0.523008,1.21468,1.10212
8,0.381594,0.648999,0.805605
9,193121,1.77729e+11,421580
10,32.2042,2466.67,49.6655
11,0,0,0
12,0,0,0
