Index,Weight
0,0.00527657
1,0.0182559
2,0.055334
