x,phi0,phi1,phi2,phi3,phi4
1,1,0.0795595,4.00653e-05,1.27711e-10,2.57676e-18
3,0.135335,0.969233,0.0439369,1.26071e-05,2.28973e-11
5,0.000335463,0.216265,0.882497,0.0227942,3.72665e-06
7,1.523e-08,0.000883826,0.324652,0.75484,0.011109
9,1.26642e-14,6.6156e-08,0.00218749,0.457833,0.606531
