Index,Weight
0,-2.47708
1,-3.7236
2,0.859211
