x,phi0,phi1,phi2,phi3,phi4
1,0.5,0.0953495,0.0109869,0.00116951,0.000123395
3,0.880797,0.437823,0.0758582,0.00857749,0.000911051
5,0.982014,0.851953,0.377541,0.0600867,0.00669285
7,0.997527,0.977023,0.817574,0.320821,0.0474259
9,0.999665,0.996827,0.970688,0.7773,0.268941
