x,prediction,variance
11,23,0.00238333
12,25,0.00380151
13,27,0.00614545
14,29,0.00973333
15,31,0.0149288
