Index,Weight
0,-0.220078
1,-0.36258
2,0.0899541
